AktID,ArtID,LatArt
819974,43,Achillea millefolium subsp. millefolium
819974,116,Agrostis capillaris
819974,429,Anthoxanthum odoratum
819974,1210,Carex hirta
819974,1925,Dactylis glomerata
819974,2274,Elytrigia repens
819974,2591,Festuca rubra
819974,2717,Galium verum
819974,2905,Avenula pratensis
819974,3747,Medicago sativa subsp. ×varia
819974,4369,Pimpinella saxifraga
819974,4423,Plantago lanceolata
819974,4483,Poa pratensis
819974,5221,Rumex thyrsiflorus
852558,89,Aegopodium podagraria
852558,104,Agrimonia eupatoria
852558,557,Arrhenatherum elatius
852558,942,Calamagrostis epigejos
852558,1619,Circaea lutetiana
852558,1925,Dactylis glomerata
852558,2370,Equisetum arvense
852558,2591,Festuca rubra
852558,2622,Fragaria vesca
852558,2633,Fraxinus excelsior
852558,2683,Galium aparine
852558,2786,Geum urbanum
852558,3089,Holcus lanatus
852558,4494,Poa trivialis
852558,4732,Prunus cerasifera
852558,4743,Prunus spinosa
852558,4817,Quercus robur
852558,5073,Rubus idaeus
852558,5776,Solidago gigantea
852558,6529,Urtica dioica
852558,6700,Vicia sepium
856616,116,Agrostis capillaris
856616,141,Aira praecox
856616,433,Anthriscus caucalis
856616,435,Anthriscus sylvestris
856616,488,Arabis hirsuta
856616,557,Arrhenatherum elatius
856616,692,Atriplex littoralis
856616,699,Atriplex patula
856616,885,Bromus hordeaceus subsp. hordeaceus
856616,1638,Cirsium vulgare
856616,1925,Dactylis glomerata
856616,2569,Schedonorus arundinaceus
856616,2591,Festuca rubra
856616,2717,Galium verum
856616,3089,Holcus lanatus
856616,3168,Hypochaeris radicata
856616,3420,Scorzoneroides autumnalis
856616,4044,Ononis spinosa subsp. procurrens
856616,4359,Pilosella officinarum
856616,4423,Plantago lanceolata
856616,4494,Poa trivialis
856616,4743,Prunus spinosa
856616,4977,Rosa canina subsp. canina
856616,5148,Rumex acetosa
856616,5156,Rumex acetosella
856616,5180,Rumex crispus
856616,6471,Tripleurospermum maritimum
856616,32838,Achillea millefolium
857793,531,Arenaria serpyllifolia
857793,566,Artemisia campestris
857793,1728,Conyza canadensis
857793,2442,Erodium cicutarium
857793,3736,Medicago lupulina
857793,4369,Pimpinella saxifraga
857793,4423,Plantago lanceolata
857793,6355,Thymus serpyllum
857793,6416,Trifolium arvense
860160,116,Agrostis capillaris
860160,883,Bromus hordeaceus
860160,1457,Cerastium fontanum
860160,1902,Cynosurus cristatus
860160,2717,Galium verum
860160,3420,Scorzoneroides autumnalis
860160,3552,Lolium perenne
860160,3720,Matricaria discoidea
860160,4290,Phleum pratense
860160,4423,Plantago lanceolata
860160,4483,Poa pratensis
860160,4823,Ranunculus acris
860160,5156,Rumex acetosella
860160,6161,Taraxacum officinale coll.
860160,6446,Trifolium repens
860160,7180,Bryopsida
860160,32838,Achillea millefolium
861264,121,Agrostis gigantea
861264,557,Arrhenatherum elatius
861264,1720,Convolvulus arvensis
861264,1810,Crataegus monogyna
861264,1925,Dactylis glomerata
861264,2591,Festuca rubra
861264,2633,Fraxinus excelsior
861264,2683,Galium aparine
861264,2786,Geum urbanum
861264,3089,Holcus lanatus
861264,4977,Rosa canina subsp. canina
861264,6529,Urtica dioica
868234,46,Achillea ptarmica
868234,116,Agrostis capillaris
868234,429,Anthoxanthum odoratum
868234,1020,Campanula rotundifolia
868234,1290,Carex pilulifera
868234,1461,Cerastium fontanum var. vulgare
868234,1625,Cirsium arvense
868234,1633,Cirsium oleraceum
868234,1635,Cirsium palustre
868234,1638,Cirsium vulgare
868234,1810,Crataegus monogyna
868234,1925,Dactylis glomerata
868234,2016,Deschampsia cespitosa
868234,2020,Avenella flexuosa
868234,2282,Epilobium adenocaulon
868234,2311,Epilobium hirsutum
868234,2370,Equisetum arvense
868234,2376,Equisetum palustre
868234,2588,Schedonorus pratensis
868234,2591,Festuca rubra
868234,2704,Galium saxatile
868234,2784,Geum rivale
868234,3089,Holcus lanatus
868234,3162,Hypericum perforatum
868234,3168,Hypochaeris radicata
868234,3268,Juncus effusus
868234,3300,Knautia arvensis
868234,3388,Lathyrus pratensis
868234,3552,Lolium perenne
868234,3608,Luzula campestris
868234,3899,Myosotis scorpioides
868234,3939,Nardus stricta
868234,4292,Phleum pratense subsp. nodosum
868234,4369,Pimpinella saxifraga
868234,4423,Plantago lanceolata
868234,4463,Poa annua
868234,4483,Poa pratensis
868234,4494,Poa trivialis
868234,4732,Prunus cerasifera
868234,4817,Quercus robur
868234,4880,Ranunculus repens
868234,5148,Rumex acetosa
868234,5156,Rumex acetosella
868234,5180,Rumex crispus
868234,5917,Stellaria graminea
868234,6161,Taraxacum officinale coll.
868234,6418,Trifolium campestre
868234,6422,Trifolium dubium
868234,6529,Urtica dioica
868234,6676,Vicia cracca
868234,32838,Achillea millefolium
870191,116,Agrostis capillaris
870191,435,Anthriscus sylvestris
870191,533,Arenaria serpyllifolia subsp. serpyllifolia
870191,543,Armeria maritima
870191,868,Briza media
870191,885,Bromus hordeaceus subsp. hordeaceus
870191,1020,Campanula rotundifolia
870191,1141,Carex caryophyllea
870191,1397,Centaurea jacea
870191,1461,Cerastium fontanum var. vulgare
870191,1622,Cirsium acaule
870191,1625,Cirsium arvense
870191,1638,Cirsium vulgare
870191,1810,Crataegus monogyna
870191,1824,Crepis capillaris
870191,1925,Dactylis glomerata
870191,2001,Daucus carota subsp. carota
870191,2588,Schedonorus pratensis
870191,2591,Festuca rubra
870191,2613,Filipendula vulgaris
870191,2708,Galium sterneri
870191,2717,Galium verum
870191,2774,Geranium sanguineum
870191,2905,Avenula pratensis
870191,3162,Hypericum perforatum
870191,3300,Knautia arvensis
870191,3312,Koeleria pyramidata
870191,3455,Leucanthemum vulgare
870191,3520,Linum catharticum
870191,3736,Medicago lupulina
870191,3889,Myosotis
870191,4044,Ononis spinosa subsp. procurrens
870191,4292,Phleum pratense subsp. nodosum
870191,4359,Pilosella officinarum
870191,4433,Plantago media
870191,4483,Poa pratensis
870191,4729,Prunella vulgaris
870191,4732,Prunus cerasifera
870191,4823,Ranunculus acris
870191,4835,Ranunculus bulbosus
870191,5030,Rubus caesius
870191,5447,Clinopodium acinos
870191,5451,Clinopodium vulgare
870191,5603,Jacobaea vulgaris
870191,5620,Senecio vulgaris
870191,5780,Solidago virgaurea
870191,5790,Sonchus oleraceus
870191,6161,Taraxacum officinale coll.
870191,6355,Thymus serpyllum
870191,6418,Trifolium campestre
870191,6676,Vicia cracca
870191,7180,Bryopsida
870191,7231,Homalothecium lutescens
870191,32838,Achillea millefolium
880645,121,Agrostis gigantea
880645,260,Alopecurus pratensis
880645,429,Anthoxanthum odoratum
880645,557,Arrhenatherum elatius
880645,1210,Carex hirta
880645,1806,Crataegus laevigata
880645,1925,Dactylis glomerata
880645,2274,Elytrigia repens
880645,2588,Schedonorus pratensis
880645,2591,Festuca rubra
880645,2717,Galium verum
880645,3089,Holcus lanatus
880645,4423,Plantago lanceolata
880645,4483,Poa pratensis
880645,4692,Potentilla reptans
880645,4817,Quercus robur
880645,4977,Rosa canina subsp. canina
880645,5148,Rumex acetosa
880645,5917,Stellaria graminea
880774,116,Agrostis capillaris
880774,121,Agrostis gigantea
880774,167,Alchemilla glaucescens
880774,230,Allium vineale
880774,429,Anthoxanthum odoratum
880774,557,Arrhenatherum elatius
880774,1190,Carex flacca
880774,1461,Cerastium fontanum var. vulgare
880774,1638,Cirsium vulgare
880774,1777,Cotoneaster
880774,1810,Crataegus monogyna
880774,1902,Cynosurus cristatus
880774,1925,Dactylis glomerata
880774,2167,Dryopteris filix-mas
880774,2591,Festuca rubra
880774,2612,Filipendula ulmaria
880774,2613,Filipendula vulgaris
880774,2622,Fragaria vesca
880774,2633,Fraxinus excelsior
880774,2770,Geranium robertianum
880774,2786,Geum urbanum
880774,2906,Avenula pubescens
880774,3089,Holcus lanatus
880774,3168,Hypochaeris radicata
880774,3288,Juniperus communis
880774,3354,Lapsana communis
880774,3520,Linum catharticum
880774,3580,Lotus corniculatus
880774,3608,Luzula campestris
880774,3688,Malus domestica
880774,4059,Orchis mascula
880774,4423,Plantago lanceolata
880774,4483,Poa pratensis
880774,4719,Primula veris
880774,4817,Quercus robur
880774,4823,Ranunculus acris
880774,4972,Rosa
880774,4977,Rosa canina subsp. canina
880774,5000,Rosa rubiginosa
880774,5122,Rubus sect. Corylifolii
880774,5123,Rubus sect. Rubus
880774,5148,Rumex acetosa
880774,5465,Saxifraga granulata
880774,5917,Stellaria graminea
880774,6161,Taraxacum officinale coll.
880774,6518,Ulmus glabra
880774,6633,Veronica chamaedrys
880774,6676,Vicia cracca
880774,6717,Viola
880774,7180,Bryopsida
880774,32823,Valeriana sambucifolia
880774,32838,Achillea millefolium
881009,116,Agrostis capillaris
881009,1902,Cynosurus cristatus
881009,1925,Dactylis glomerata
881009,3089,Holcus lanatus
881009,3168,Hypochaeris radicata
881009,3420,Scorzoneroides autumnalis
881009,3552,Lolium perenne
881009,4423,Plantago lanceolata
881009,4483,Poa pratensis
881009,4880,Ranunculus repens
881009,5180,Rumex crispus
881009,6161,Taraxacum officinale coll.
881009,6446,Trifolium repens
881009,7180,Bryopsida
881009,32838,Achillea millefolium
881574,116,Agrostis capillaris
881574,531,Arenaria serpyllifolia
881574,557,Arrhenatherum elatius
881574,885,Bromus hordeaceus subsp. hordeaceus
881574,1020,Campanula rotundifolia
881574,1210,Carex hirta
881574,1461,Cerastium fontanum var. vulgare
881574,1625,Cirsium arvense
881574,1638,Cirsium vulgare
881574,1720,Convolvulus arvensis
881574,1800,Crataegus
881574,1925,Dactylis glomerata
881574,2274,Elytrigia repens
881574,2591,Festuca rubra
881574,2613,Filipendula vulgaris
881574,2687,Galium mollugo
881574,2717,Galium verum
881574,2756,Geranium columbinum
881574,2905,Avenula pratensis
881574,2935,Heracleum sphondylium
881574,3300,Knautia arvensis
881574,3635,Lycium barbarum
881574,4043,Ononis spinosa subsp. hircina
881574,4292,Phleum pratense subsp. nodosum
881574,4423,Plantago lanceolata
881574,4664,Potentilla argentea
881574,4692,Potentilla reptans
881574,4719,Primula veris
881574,4950,Ribes uva-crispa
881574,4972,Rosa
881574,4977,Rosa canina subsp. canina
881574,5148,Rumex acetosa
881574,5603,Jacobaea vulgaris
881574,5808,Sorbus intermedia
881574,6633,Veronica chamaedrys
881574,6646,Veronica officinalis
881574,6698,Vicia sativa subsp. sativa
881574,6773,Viola tricolor
881574,6782,Viscaria vulgaris
881574,7180,Bryopsida
881574,7768,"Cladonia sp., s.s."
881574,32838,Achillea millefolium
883984,116,Agrostis capillaris
883984,121,Agrostis gigantea
883984,217,Allium oleraceum
883984,378,Pulsatilla pratensis
883984,582,Artemisia vulgaris
883984,1020,Campanula rotundifolia
883984,1461,Cerastium fontanum var. vulgare
883984,1625,Cirsium arvense
883984,1638,Cirsium vulgare
883984,1824,Crepis capillaris
883984,1925,Dactylis glomerata
883984,2001,Daucus carota subsp. carota
883984,2274,Elytrigia repens
883984,2569,Schedonorus arundinaceus
883984,2591,Festuca rubra
883984,2717,Galium verum
883984,2763,Geranium molle
883984,3080,Hippophaë rhamnoides
883984,3089,Holcus lanatus
883984,3552,Lolium perenne
883984,3580,Lotus corniculatus
883984,3736,Medicago lupulina
883984,4044,Ononis spinosa subsp. procurrens
883984,4292,Phleum pratense subsp. nodosum
883984,4369,Pimpinella saxifraga
883984,4423,Plantago lanceolata
883984,4835,Ranunculus bulbosus
883984,5156,Rumex acetosella
883984,5180,Rumex crispus
883984,5924,Stellaria media
883984,6441,Trifolium pratense
883984,6446,Trifolium repens
883984,6529,Urtica dioica
883984,6676,Vicia cracca
883984,6685,Vicia lathyroides
883984,7180,Bryopsida
883984,32838,Achillea millefolium
885179,116,Agrostis capillaris
885179,1625,Cirsium arvense
885179,1925,Dactylis glomerata
885179,2274,Elytrigia repens
885179,2591,Festuca rubra
885179,4423,Plantago lanceolata
885179,4743,Prunus spinosa
885179,4880,Ranunculus repens
885809,116,Agrostis capillaris
885809,429,Anthoxanthum odoratum
885809,764,Bellis perennis
885809,1461,Cerastium fontanum var. vulgare
885809,1625,Cirsium arvense
885809,1902,Cynosurus cristatus
885809,1925,Dactylis glomerata
885809,2016,Deschampsia cespitosa
885809,2591,Festuca rubra
885809,3089,Holcus lanatus
885809,3168,Hypochaeris radicata
885809,3552,Lolium perenne
885809,4292,Phleum pratense subsp. nodosum
885809,4423,Plantago lanceolata
885809,4483,Poa pratensis
885809,4823,Ranunculus acris
885809,4835,Ranunculus bulbosus
885809,5148,Rumex acetosa
885809,6446,Trifolium repens
885809,7180,Bryopsida
887543,116,Agrostis capillaris
887543,429,Anthoxanthum odoratum
887543,1461,Cerastium fontanum var. vulgare
887543,1921,Cytisus scoparius
887543,3089,Holcus lanatus
887543,3168,Hypochaeris radicata
887543,3268,Juncus effusus
887543,3552,Lolium perenne
887543,4423,Plantago lanceolata
887543,4817,Quercus robur
887543,5156,Rumex acetosella
887543,5924,Stellaria media
887543,7180,Bryopsida
903366,116,Agrostis capillaris
903366,885,Bromus hordeaceus subsp. hordeaceus
903366,1290,Carex pilulifera
903366,1625,Cirsium arvense
903366,1810,Crataegus monogyna
903366,1925,Dactylis glomerata
903366,2016,Deschampsia cespitosa
903366,2274,Elytrigia repens
903366,2588,Schedonorus pratensis
903366,2591,Festuca rubra
903366,2613,Filipendula vulgaris
903366,2683,Galium aparine
903366,2717,Galium verum
903366,2770,Geranium robertianum
903366,2786,Geum urbanum
903366,3089,Holcus lanatus
903366,3168,Hypochaeris radicata
903366,3552,Lolium perenne
903366,3851,Moehringia trinervia
903366,3890,Myosotis arvensis
903366,4291,Phleum pratense subsp. pratense
903366,4494,Poa trivialis
903366,4731,Prunus avium
903366,4732,Prunus cerasifera
903366,5005,Rosa mollis
903366,5073,Rubus idaeus
903366,6161,Taraxacum officinale coll.
903366,6397,Tragopogon pratensis subsp. pratensis
903366,6529,Urtica dioica
903366,6676,Vicia cracca
903366,7180,Bryopsida
904336,217,Allium oleraceum
904336,225,Allium scorodoprasum
904336,230,Allium vineale
904336,260,Alopecurus pratensis
904336,435,Anthriscus sylvestris
904336,557,Arrhenatherum elatius
904336,885,Bromus hordeaceus subsp. hordeaceus
904336,1397,Centaurea jacea
904336,1470,Cerastium semidecandrum
904336,1638,Cirsium vulgare
904336,1720,Convolvulus arvensis
904336,1806,Crataegus laevigata
904336,1902,Cynosurus cristatus
904336,2040,Dianthus deltoides
904336,2585,Festuca ovina
904336,2591,Festuca rubra
904336,2613,Filipendula vulgaris
904336,2717,Galium verum
904336,2763,Geranium molle
904336,2905,Avenula pratensis
904336,3089,Holcus lanatus
904336,3168,Hypochaeris radicata
904336,3552,Lolium perenne
904336,3608,Luzula campestris
904336,4292,Phleum pratense subsp. nodosum
904336,4359,Pilosella officinarum
904336,4423,Plantago lanceolata
904336,4483,Poa pratensis
904336,4494,Poa trivialis
904336,4692,Potentilla reptans
904336,4732,Prunus cerasifera
904336,4743,Prunus spinosa
904336,4976,Rosa canina
904336,5123,Rubus sect. Rubus
904336,5156,Rumex acetosella
904336,5180,Rumex crispus
904336,5917,Stellaria graminea
904336,6161,Taraxacum officinale coll.
904336,6291,Teesdalia nudicaulis
904336,6418,Trifolium campestre
904336,6422,Trifolium dubium
904336,6441,Trifolium pratense
904336,6446,Trifolium repens
904336,6451,Trifolium striatum
904336,6697,Vicia sativa subsp. nigra
904336,7180,Bryopsida
904336,7766,"Lichenes sp. (eksl. Cladonia sp., s.l.)"
904336,32838,Achillea millefolium
904336,1049372,Dactylis glomerata/polygama
907848,5123,Rubus sect. Rubus
907848,5302,Salix caprea
907848,6529,Urtica dioica
909130,116,Agrostis capillaris
909130,429,Anthoxanthum odoratum
909130,557,Arrhenatherum elatius
909130,582,Artemisia vulgaris
909130,883,Bromus hordeaceus
909130,1020,Campanula rotundifolia
909130,1274,Carex pairae
909130,1461,Cerastium fontanum var. vulgare
909130,1638,Cirsium vulgare
909130,1810,Crataegus monogyna
909130,1902,Cynosurus cristatus
909130,1925,Dactylis glomerata
909130,2001,Daucus carota subsp. carota
909130,2591,Festuca rubra
909130,2667,Galeopsis
909130,2717,Galium verum
909130,2769,Geranium pyrenaicum
909130,2786,Geum urbanum
909130,3089,Holcus lanatus
909130,3168,Hypochaeris radicata
909130,3552,Lolium perenne
909130,3586,Lotus tenuis
909130,4044,Ononis spinosa subsp. procurrens
909130,4290,Phleum pratense
909130,4369,Pimpinella saxifraga
909130,4423,Plantago lanceolata
909130,4823,Ranunculus acris
909130,4977,Rosa canina subsp. canina
909130,5148,Rumex acetosa
909130,6161,Taraxacum officinale coll.
909130,6441,Trifolium pratense
909130,6633,Veronica chamaedrys
909130,32838,Achillea millefolium
911119,121,Agrostis gigantea
911119,435,Anthriscus sylvestris
911119,557,Arrhenatherum elatius
911119,1625,Cirsium arvense
911119,1824,Crepis capillaris
911119,1925,Dactylis glomerata
911119,2274,Elytrigia repens
911119,2591,Festuca rubra
911119,3702,Malva sylvestris
911119,4423,Plantago lanceolata
911119,4483,Poa pratensis
911119,5148,Rumex acetosa
911119,32838,Achillea millefolium
917275,557,Arrhenatherum elatius
917275,874,Bromopsis erecta
917275,1342,Carlina vulgaris
917275,1416,Centaurea scabiosa
917275,1925,Dactylis glomerata
917275,2591,Festuca rubra
917275,2903,Helichrysum arenarium
917275,3080,Hippophaë rhamnoides
917275,3391,Lathyrus sylvestris
917275,3455,Leucanthemum vulgare
917275,4475,Poa compressa
917275,4483,Poa pratensis
917275,4731,Prunus avium
917275,5487,Scabiosa columbaria
917275,5702,Silene vulgaris
917275,5780,Solidago virgaurea
917275,7180,Bryopsida
917275,32838,Achillea millefolium
919313,116,Agrostis capillaris
919313,974,Calluna vulgaris
919313,1095,Carex arenaria
919313,2020,Avenella flexuosa
919313,2704,Galium saxatile
919313,3089,Holcus lanatus
919313,3355,Larix
919313,3855,Molinia caerulea
919313,4327,Picea abies
919313,4817,Quercus robur
919313,5073,Rubus idaeus
919313,5123,Rubus sect. Rubus
919313,5798,Sorbus aucuparia
919313,7180,Bryopsida
922499,488,Arabis hirsuta
922499,531,Arenaria serpyllifolia
922499,557,Arrhenatherum elatius
922499,885,Bromus hordeaceus subsp. hordeaceus
922499,1416,Centaurea scabiosa
922499,1461,Cerastium fontanum var. vulgare
922499,1625,Cirsium arvense
922499,1638,Cirsium vulgare
922499,1800,Crataegus
922499,1925,Dactylis glomerata
922499,2195,Echium vulgare
922499,2588,Schedonorus pratensis
922499,2591,Festuca rubra
922499,2763,Geranium molle
922499,3162,Hypericum perforatum
922499,3580,Lotus corniculatus
922499,3608,Luzula campestris
922499,3736,Medicago lupulina
922499,3890,Myosotis arvensis
922499,4071,Origanum vulgare
922499,4359,Pilosella officinarum
922499,4423,Plantago lanceolata
922499,4483,Poa pratensis
922499,4664,Potentilla argentea
922499,4692,Potentilla reptans
922499,4835,Ranunculus bulbosus
922499,5030,Rubus caesius
922499,5221,Rumex thyrsiflorus
922499,5465,Saxifraga granulata
922499,5702,Silene vulgaris
922499,6418,Trifolium campestre
922499,6422,Trifolium dubium
922499,6578,Valerianella locusta
922499,6590,Verbascum densiflorum
922499,6626,Veronica arvensis
922499,6633,Veronica chamaedrys
922499,7180,Bryopsida
922499,32838,Achillea millefolium
922512,104,Agrimonia eupatoria
922512,557,Arrhenatherum elatius
922512,566,Artemisia campestris
922512,874,Bromopsis erecta
922512,1179,Carex divulsa
922512,1800,Crataegus
922512,1925,Dactylis glomerata
922512,2001,Daucus carota subsp. carota
922512,2195,Echium vulgare
922512,2591,Festuca rubra
922512,2633,Fraxinus excelsior
922512,2687,Galium mollugo
922512,3300,Knautia arvensis
922512,3388,Lathyrus pratensis
922512,3736,Medicago lupulina
922512,4071,Origanum vulgare
922512,4289,Phleum phleoides
922512,4359,Pilosella officinarum
922512,4423,Plantago lanceolata
922512,4483,Poa pratensis
922512,4732,Prunus cerasifera
922512,4817,Quercus robur
922512,5000,Rosa rubiginosa
922512,5030,Rubus caesius
922512,5148,Rumex acetosa
922512,5780,Solidago virgaurea
922512,6394,Tragopogon pratensis
922512,6676,Vicia cracca
922512,7180,Bryopsida
922512,32838,Achillea millefolium
759467,557,Arrhenatherum elatius
759467,764,Bellis perennis
759467,885,Bromus hordeaceus subsp. hordeaceus
759467,1461,Cerastium fontanum var. vulgare
759467,1625,Cirsium arvense
759467,1902,Cynosurus cristatus
759467,1925,Dactylis glomerata
759467,2591,Festuca rubra
759467,2683,Galium aparine
759467,2687,Galium mollugo
759467,2757,Geranium dissectum
759467,3552,Lolium perenne
759467,4423,Plantago lanceolata
759467,4483,Poa pratensis
759467,4494,Poa trivialis
759467,4823,Ranunculus acris
759467,5180,Rumex crispus
759467,6161,Taraxacum officinale coll.
759467,6418,Trifolium campestre
759467,6431,Trifolium medium
759467,6441,Trifolium pratense
759467,6446,Trifolium repens
759467,6529,Urtica dioica
759467,6633,Veronica chamaedrys
759467,7180,Bryopsida
760553,116,Agrostis capillaris
760553,141,Aira praecox
760553,793,Betula pubescens
760553,974,Calluna vulgaris
760553,1273,Carex leporina
760553,2020,Avenella flexuosa
760553,2823,Gnaphalium sylvaticum
760553,3089,Holcus lanatus
760553,3090,Holcus mollis
760553,3168,Hypochaeris radicata
760553,3226,Jasione montana
760553,3268,Juncus effusus
760553,3455,Leucanthemum vulgare
760553,3580,Lotus corniculatus
760553,3608,Luzula campestris
760553,4078,Ornithopus perpusillus
760553,4359,Pilosella officinarum
760553,4403,Pinus sylvestris
760553,4823,Ranunculus acris
760553,5148,Rumex acetosa
760553,5156,Rumex acetosella
760553,5603,Jacobaea vulgaris
760553,32838,Achillea millefolium
761459,116,Agrostis capillaris
761459,429,Anthoxanthum odoratum
761459,1210,Carex hirta
761459,2591,Festuca rubra
761459,3089,Holcus lanatus
761459,3552,Lolium perenne
761459,3608,Luzula campestris
761459,4423,Plantago lanceolata
761459,4692,Potentilla reptans
761459,5917,Stellaria graminea
761459,6446,Trifolium repens
761459,6633,Veronica chamaedrys
761459,6697,Vicia sativa subsp. nigra
762338,116,Agrostis capillaris
762338,1902,Cynosurus cristatus
762338,2370,Equisetum arvense
762338,3089,Holcus lanatus
762338,3552,Lolium perenne
762338,4423,Plantago lanceolata
762338,4729,Prunella vulgaris
762338,6446,Trifolium repens
787496,116,Agrostis capillaris
787496,260,Alopecurus pratensis
787496,435,Anthriscus sylvestris
787496,557,Arrhenatherum elatius
787496,1020,Campanula rotundifolia
787496,1095,Carex arenaria
787496,1416,Centaurea scabiosa
787496,1461,Cerastium fontanum var. vulgare
787496,1625,Cirsium arvense
787496,1925,Dactylis glomerata
787496,2272,Elytrigia juncea subsp. boreoatlantica × repens
787496,2281,Epilobium
787496,2591,Festuca rubra
787496,2667,Galeopsis
787496,2687,Galium mollugo
787496,2717,Galium verum
787496,2804,Glechoma hederacea
787496,3089,Holcus lanatus
787496,3162,Hypericum perforatum
787496,3467,Leymus arenarius
787496,3608,Luzula campestris
787496,4369,Pimpinella saxifraga
787496,4423,Plantago lanceolata
787496,4483,Poa pratensis
787496,4692,Potentilla reptans
787496,4880,Ranunculus repens
787496,5001,Rosa rugosa
787496,5148,Rumex acetosa
787496,5221,Rumex thyrsiflorus
787496,6418,Trifolium campestre
787496,6451,Trifolium striatum
787496,6529,Urtica dioica
787496,7180,Bryopsida
787496,7682,Pseudoscleropodium purum
789720,116,Agrostis capillaris
789720,435,Anthriscus sylvestris
789720,1020,Campanula rotundifolia
789720,1461,Cerastium fontanum var. vulgare
789720,1810,Crataegus monogyna
789720,1925,Dactylis glomerata
789720,2591,Festuca rubra
789720,2763,Geranium molle
789720,3054,Hieracium umbellatum
789720,3162,Hypericum perforatum
789720,3168,Hypochaeris radicata
789720,3381,Lathyrus linifolius
789720,4423,Plantago lanceolata
789720,4673,Potentilla erecta
789720,4880,Ranunculus repens
789720,5148,Rumex acetosa
789720,5388,Salix repens var. repens
789720,5917,Stellaria graminea
789720,6161,Taraxacum officinale coll.
789720,6446,Trifolium repens
789720,7180,Bryopsida
789720,32838,Achillea millefolium
789893,1461,Cerastium fontanum var. vulgare
789893,1902,Cynosurus cristatus
789893,2704,Galium saxatile
789893,3268,Juncus effusus
789893,3552,Lolium perenne
789893,6446,Trifolium repens
789893,6529,Urtica dioica
789893,7180,Bryopsida
791020,116,Agrostis capillaris
791020,429,Anthoxanthum odoratum
791020,544,Armeria maritima subsp. elongata
791020,557,Arrhenatherum elatius
791020,1921,Cytisus scoparius
791020,2000,Daucus carota
791020,2020,Avenella flexuosa
791020,2370,Equisetum arvense
791020,2585,Festuca ovina
791020,2717,Galium verum
791020,2905,Avenula pratensis
791020,3089,Holcus lanatus
791020,3156,Hypericum maculatum
791020,3168,Hypochaeris radicata
791020,3226,Jasione montana
791020,3300,Knautia arvensis
791020,3455,Leucanthemum vulgare
791020,3608,Luzula campestris
791020,4359,Pilosella officinarum
791020,4369,Pimpinella saxifraga
791020,4423,Plantago lanceolata
791020,4976,Rosa canina
791020,5148,Rumex acetosa
791020,5156,Rumex acetosella
791020,5603,Jacobaea vulgaris
791020,5946,Succisa pratensis
791020,6441,Trifolium pratense
791020,6446,Trifolium repens
791020,6633,Veronica chamaedrys
791020,6676,Vicia cracca
791020,6683,Vicia hirsuta
791020,6697,Vicia sativa subsp. nigra
791020,7682,Pseudoscleropodium purum
791020,24113,Cladonia
791020,32838,Achillea millefolium
791379,116,Agrostis capillaris
791379,435,Anthriscus sylvestris
791379,1925,Dactylis glomerata
791379,2585,Festuca ovina
791379,3054,Hieracium umbellatum
791379,3162,Hypericum perforatum
791379,3300,Knautia arvensis
791379,3580,Lotus corniculatus
791379,4359,Pilosella officinarum
791379,4423,Plantago lanceolata
791379,5148,Rumex acetosa
791379,5157,Rumex acetosella subsp. acetosella
791379,5917,Stellaria graminea
791379,6633,Veronica chamaedrys
791379,6676,Vicia cracca
791379,7180,Bryopsida
791394,116,Agrostis capillaris
791394,429,Anthoxanthum odoratum
791394,1925,Dactylis glomerata
791394,2591,Festuca rubra
791394,2704,Galium saxatile
791394,3162,Hypericum perforatum
791394,3168,Hypochaeris radicata
791394,3381,Lathyrus linifolius
791394,4359,Pilosella officinarum
791394,4423,Plantago lanceolata
791394,4673,Potentilla erecta
791394,5148,Rumex acetosa
791394,5157,Rumex acetosella subsp. acetosella
791394,5917,Stellaria graminea
791394,6446,Trifolium repens
791394,7180,Bryopsida
791394,32838,Achillea millefolium
814476,359,Anchusa officinalis
814476,429,Anthoxanthum odoratum
814476,764,Bellis perennis
814476,1470,Cerastium semidecandrum
814476,2591,Festuca rubra
814476,2717,Galium verum
814476,3168,Hypochaeris radicata
814476,4423,Plantago lanceolata
814476,4483,Poa pratensis
814476,4664,Potentilla argentea
814476,4692,Potentilla reptans
814476,6224,Taraxacum sect. Taraxacum
814476,6418,Trifolium campestre
814476,6451,Trifolium striatum
814476,6683,Vicia hirsuta
814476,6697,Vicia sativa subsp. nigra
814476,32838,Achillea millefolium
821471,437,Anthyllis vulneraria
821471,557,Arrhenatherum elatius
821471,868,Briza media
821471,942,Calamagrostis epigejos
821471,1342,Carlina vulgaris
821471,1416,Centaurea scabiosa
821471,1421,Centaurium erythraea
821471,1925,Dactylis glomerata
821471,2001,Daucus carota subsp. carota
821471,2195,Echium vulgare
821471,2370,Equisetum arvense
821471,2542,Euphrasia stricta var. stricta
821471,2591,Festuca rubra
821471,3156,Hypericum maculatum
821471,3520,Linum catharticum
821471,3580,Lotus corniculatus
821471,3736,Medicago lupulina
821471,4011,Odontites vulgaris
821471,4193,Pastinaca sativa
821471,4292,Phleum pratense subsp. nodosum
821471,4359,Pilosella officinarum
821471,4423,Plantago lanceolata
821471,4475,Poa compressa
821471,4483,Poa pratensis
821471,4743,Prunus spinosa
821471,4835,Ranunculus bulbosus
821471,4921,Rhinanthus minor
821471,5221,Rumex thyrsiflorus
821471,5686,Silene nutans
821471,5702,Silene vulgaris
821471,6422,Trifolium dubium
821471,6431,Trifolium medium
821471,6441,Trifolium pratense
821471,6446,Trifolium repens
821471,6676,Vicia cracca
821471,7231,Homalothecium lutescens
828402,2274,Elytrigia repens
828402,5148,Rumex acetosa
828402,6446,Trifolium repens
850101,368,Anemone
850101,429,Anthoxanthum odoratum
850101,435,Anthriscus sylvestris
850101,557,Arrhenatherum elatius
850101,790,Betula pendula
850101,1461,Cerastium fontanum var. vulgare
850101,1925,Dactylis glomerata
850101,2591,Festuca rubra
850101,2633,Fraxinus excelsior
850101,2717,Galium verum
850101,3381,Lathyrus linifolius
850101,4731,Prunus avium
850101,4817,Quercus robur
850101,5148,Rumex acetosa
850101,5921,Stellaria holostea
850101,6633,Veronica chamaedrys
850101,32838,Achillea millefolium
855720,30,Acer pseudoplatanus
855720,130,Agrostis stolonifera
855720,435,Anthriscus sylvestris
855720,1020,Campanula rotundifolia
855720,1210,Carex hirta
855720,1810,Crataegus monogyna
855720,1893,Cymbalaria muralis
855720,2274,Elytrigia repens
855720,2370,Equisetum arvense
855720,2667,Galeopsis
855720,2786,Geum urbanum
855720,3162,Hypericum perforatum
855720,3226,Jasione montana
855720,3514,Linaria vulgaris
855720,3552,Lolium perenne
855720,4291,Phleum pratense subsp. pratense
855720,4423,Plantago lanceolata
855720,4428,Plantago major
855720,4483,Poa pratensis
855720,4982,Rosa dumalis subsp. dumalis
855720,5024,Rubus armeniacus
855720,5148,Rumex acetosa
855720,6224,Taraxacum sect. Taraxacum
855720,6446,Trifolium repens
855720,6676,Vicia cracca
855720,6748,Viola odorata
855720,1049372,Dactylis glomerata/polygama
859370,374,Anemone nemorosa
859370,2553,Fagus sylvatica
859370,5921,Stellaria holostea
861618,1625,Cirsium arvense
861618,2683,Galium aparine
861618,4333,Picea glauca
861618,4494,Poa trivialis
861618,5423,Sambucus nigra
861618,1049372,Dactylis glomerata/polygama
862410,429,Anthoxanthum odoratum
862410,1625,Cirsium arvense
862410,2591,Festuca rubra
862410,2786,Geum urbanum
862410,3089,Holcus lanatus
862410,4423,Plantago lanceolata
862410,4823,Ranunculus acris
862410,5148,Rumex acetosa
862410,5917,Stellaria graminea
862410,6633,Veronica chamaedrys
864341,2591,Festuca rubra
864341,3552,Lolium perenne
864341,4494,Poa trivialis
864341,4880,Ranunculus repens
864341,5397,Salix viminalis
864341,6224,Taraxacum sect. Taraxacum
870965,116,Agrostis capillaris
870965,790,Betula pendula
870965,974,Calluna vulgaris
870965,1095,Carex arenaria
870965,1290,Carex pilulifera
870965,2020,Avenella flexuosa
870965,2591,Festuca rubra
870965,2704,Galium saxatile
870965,3089,Holcus lanatus
870965,3168,Hypochaeris radicata
870965,3455,Leucanthemum vulgare
870965,3608,Luzula campestris
870965,3894,Myosotis discolor
870965,4359,Pilosella officinarum
870965,4423,Plantago lanceolata
870965,5148,Rumex acetosa
870965,5156,Rumex acetosella
870965,6418,Trifolium campestre
870965,6441,Trifolium pratense
870965,6697,Vicia sativa subsp. nigra
870965,32838,Achillea millefolium
874674,116,Agrostis capillaris
874674,437,Anthyllis vulneraria
874674,557,Arrhenatherum elatius
874674,662,Astragalus glycyphyllos
874674,793,Betula pubescens
874674,1043,Cardamine hirsuta
874674,1925,Dactylis glomerata
874674,2001,Daucus carota subsp. carota
874674,2591,Festuca rubra
874674,3089,Holcus lanatus
874674,3162,Hypericum perforatum
874674,3520,Linum catharticum
874674,3580,Lotus corniculatus
874674,3736,Medicago lupulina
874674,4195,Pastinaca sativa subsp. sylvestris
874674,4423,Plantago lanceolata
874674,4918,Rhinanthus
874674,4972,Rosa
874674,5780,Solidago virgaurea
874674,32838,Achillea millefolium
874674,566,Artemisia campestris
874674,1440,Cerastium
874674,1461,Cerastium fontanum var. vulgare
874674,1806,Crataegus laevigata
874674,2000,Daucus carota
874674,4359,Pilosella officinarum
874674,6416,Trifolium arvense
874674,121,Agrostis gigantea
874674,537,Argentina anserina
874674,1210,Carex hirta
874674,3388,Lathyrus pratensis
874674,4044,Ononis spinosa subsp. procurrens
874674,4237,Petasites hybridus
874674,4692,Potentilla reptans
874674,4732,Prunus cerasifera
874674,5776,Solidago gigantea
874674,6676,Vicia cracca
874674,7576,Pleurozium schreberi
900043,104,Agrimonia eupatoria
900043,116,Agrostis capillaris
900043,225,Allium scorodoprasum
900043,557,Arrhenatherum elatius
900043,1416,Centaurea scabiosa
900043,1625,Cirsium arvense
900043,1925,Dactylis glomerata
900043,2591,Festuca rubra
900043,2683,Galium aparine
900043,3054,Hieracium umbellatum
900043,3089,Holcus lanatus
900043,3300,Knautia arvensis
900043,3552,Lolium perenne
900043,3580,Lotus corniculatus
900043,4283,Phleum
900043,4423,Plantago lanceolata
900043,4475,Poa compressa
900043,4494,Poa trivialis
900043,4817,Quercus robur
900043,4972,Rosa
900043,5148,Rumex acetosa
900043,5156,Rumex acetosella
900043,5221,Rumex thyrsiflorus
900043,6397,Tragopogon pratensis subsp. pratensis
900043,6683,Vicia hirsuta
771212,437,Anthyllis vulneraria
771212,543,Armeria maritima
771212,1397,Centaurea jacea
771212,1461,Cerastium fontanum var. vulgare
771212,2591,Festuca rubra
771212,2717,Galium verum
771212,2763,Geranium molle
771212,3097,Honckenya peploides
771212,3467,Leymus arenarius
771212,3580,Lotus corniculatus
771212,4359,Pilosella officinarum
771212,4369,Pimpinella saxifraga
771212,4423,Plantago lanceolata
771212,4432,Plantago maritima
771212,4483,Poa pratensis
771212,5001,Rosa rugosa
771212,5148,Rumex acetosa
771212,6676,Vicia cracca
771212,6697,Vicia sativa subsp. nigra
771212,7682,Pseudoscleropodium purum
771212,7769,Cladina sp.
771212,32838,Achillea millefolium
771212,1000549,Peltigera
771769,116,Agrostis capillaris
771769,217,Allium oleraceum
771769,429,Anthoxanthum odoratum
771769,533,Arenaria serpyllifolia subsp. serpyllifolia
771769,868,Briza media
771769,1020,Campanula rotundifolia
771769,1032,Capsella bursa-pastoris
771769,1210,Carex hirta
771769,1461,Cerastium fontanum var. vulgare
771769,1902,Cynosurus cristatus
771769,1925,Dactylis glomerata
771769,2016,Deschampsia cespitosa
771769,2274,Elytrigia repens
771769,2370,Equisetum arvense
771769,2540,Euphrasia stricta
771769,2585,Festuca ovina
771769,2588,Schedonorus pratensis
771769,2591,Festuca rubra
771769,2717,Galium verum
771769,2763,Geranium molle
771769,3089,Holcus lanatus
771769,3168,Hypochaeris radicata
771769,3288,Juniperus communis
771769,3300,Knautia arvensis
771769,3420,Scorzoneroides autumnalis
771769,3520,Linum catharticum
771769,3552,Lolium perenne
771769,3580,Lotus corniculatus
771769,3608,Luzula campestris
771769,3736,Medicago lupulina
771769,3898,Myosotis ramosissima
771769,4292,Phleum pratense subsp. nodosum
771769,4359,Pilosella officinarum
771769,4369,Pimpinella saxifraga
771769,4423,Plantago lanceolata
771769,4483,Poa pratensis
771769,4494,Poa trivialis
771769,4729,Prunella vulgaris
771769,4823,Ranunculus acris
771769,4835,Ranunculus bulbosus
771769,4880,Ranunculus repens
771769,5148,Rumex acetosa
771769,5917,Stellaria graminea
771769,6161,Taraxacum officinale coll.
771769,6422,Trifolium dubium
771769,6441,Trifolium pratense
771769,6446,Trifolium repens
771769,6626,Veronica arvensis
771769,6633,Veronica chamaedrys
771769,6646,Veronica officinalis
771769,6685,Vicia lathyroides
771769,7180,Bryopsida
771769,32838,Achillea millefolium
773906,116,Agrostis capillaris
773906,260,Alopecurus pratensis
773906,435,Anthriscus sylvestris
773906,1461,Cerastium fontanum var. vulgare
773906,1625,Cirsium arvense
773906,1902,Cynosurus cristatus
773906,1925,Dactylis glomerata
773906,3089,Holcus lanatus
773906,3168,Hypochaeris radicata
773906,3423,Leontodon hispidus
773906,3608,Luzula campestris
773906,4423,Plantago lanceolata
773906,4483,Poa pratensis
773906,4823,Ranunculus acris
773906,6422,Trifolium dubium
773906,6446,Trifolium repens
773906,7180,Bryopsida
773906,32838,Achillea millefolium
781117,130,Agrostis stolonifera
781117,374,Anemone nemorosa
781117,437,Anthyllis vulneraria
781117,557,Arrhenatherum elatius
781117,764,Bellis perennis
781117,868,Briza media
781117,885,Bromus hordeaceus subsp. hordeaceus
781117,1016,Campanula persicifolia
781117,1020,Campanula rotundifolia
781117,1190,Carex flacca
781117,1290,Carex pilulifera
781117,1397,Centaurea jacea
781117,1416,Centaurea scabiosa
781117,1622,Cirsium acaule
781117,1625,Cirsium arvense
781117,1902,Cynosurus cristatus
781117,1925,Dactylis glomerata
781117,2001,Daucus carota subsp. carota
781117,2591,Festuca rubra
781117,2613,Filipendula vulgaris
781117,2628,Frangula alnus
781117,2717,Galium verum
781117,2752,Geranium
781117,2786,Geum urbanum
781117,2890,Helianthemum nummularium subsp. obscurum
781117,2905,Avenula pratensis
781117,3162,Hypericum perforatum
781117,3168,Hypochaeris radicata
781117,3354,Lapsana communis
781117,3420,Scorzoneroides autumnalis
781117,3455,Leucanthemum vulgare
781117,3520,Linum catharticum
781117,3552,Lolium perenne
781117,3736,Medicago lupulina
781117,3888,Lactuca muralis
781117,4066,Neotinea ustulata
781117,4292,Phleum pratense subsp. nodosum
781117,4346,Pilosella aurantiaca subsp. aurantiaca
781117,4359,Pilosella officinarum
781117,4423,Plantago lanceolata
781117,4433,Plantago media
781117,4494,Poa trivialis
781117,4511,Polygala vulgaris
781117,4719,Primula veris
781117,4732,Prunus cerasifera
781117,4817,Quercus robur
781117,4823,Ranunculus acris
781117,4835,Ranunculus bulbosus
781117,4982,Rosa dumalis subsp. dumalis
781117,5423,Sambucus nigra
781117,5429,Poterium sanguisorba
781117,5603,Jacobaea vulgaris
781117,6161,Taraxacum officinale coll.
781117,6397,Tragopogon pratensis subsp. pratensis
781117,6441,Trifolium pratense
781117,6446,Trifolium repens
781117,6518,Ulmus glabra
781117,6633,Veronica chamaedrys
781117,6646,Veronica officinalis
781117,6670,Viburnum opulus
781117,6742,Viola hirta
781117,7180,Bryopsida
785395,217,Allium oleraceum
785395,537,Argentina anserina
785395,543,Armeria maritima
785395,703,Atriplex prostrata
785395,868,Briza media
785395,885,Bromus hordeaceus subsp. hordeaceus
785395,1190,Carex flacca
785395,1210,Carex hirta
785395,1257,Carex nigra var. nigra
785395,1271,Carex otrubae
785395,1397,Centaurea jacea
785395,1461,Cerastium fontanum var. vulgare
785395,1625,Cirsium arvense
785395,1720,Convolvulus arvensis
785395,1902,Cynosurus cristatus
785395,1925,Dactylis glomerata
785395,1967,Dactylorhiza majalis
785395,1985,Danthonia decumbens
785395,2370,Equisetum arvense
785395,2569,Schedonorus arundinaceus
785395,2591,Festuca rubra
785395,2633,Fraxinus excelsior
785395,2687,Galium mollugo
785395,2699,Galium palustre subsp. palustre
785395,2717,Galium verum
785395,2786,Geum urbanum
785395,2906,Avenula pubescens
785395,3089,Holcus lanatus
785395,3252,Juncus articulatus
785395,3256,Juncus bufonius
785395,3272,Juncus gerardii
785395,3300,Knautia arvensis
785395,3388,Lathyrus pratensis
785395,3520,Linum catharticum
785395,3608,Luzula campestris
785395,3736,Medicago lupulina
785395,3782,Mentha aquatica
785395,4044,Ononis spinosa subsp. procurrens
785395,4219,Persicaria amphibia
785395,4299,Phragmites australis
785395,4369,Pimpinella saxifraga
785395,4423,Plantago lanceolata
785395,4527,Polygonum aviculare
785395,4692,Potentilla reptans
785395,4719,Primula veris
785395,4729,Prunella vulgaris
785395,4823,Ranunculus acris
785395,4880,Ranunculus repens
785395,4921,Rhinanthus minor
785395,5148,Rumex acetosa
785395,5180,Rumex crispus
785395,5917,Stellaria graminea
785395,6441,Trifolium pratense
785395,6676,Vicia cracca
785395,7180,Bryopsida
785395,32838,Achillea millefolium
792829,104,Agrimonia eupatoria
792829,116,Agrostis capillaris
792829,429,Anthoxanthum odoratum
792829,1397,Centaurea jacea
792829,1925,Dactylis glomerata
792829,2591,Festuca rubra
792829,3089,Holcus lanatus
792829,3388,Lathyrus pratensis
792829,3580,Lotus corniculatus
792829,3608,Luzula campestris
792829,4423,Plantago lanceolata
792829,4743,Prunus spinosa
792829,4823,Ranunculus acris
792829,5148,Rumex acetosa
792829,5921,Stellaria holostea
792829,6161,Taraxacum officinale coll.
792829,6418,Trifolium campestre
792829,6431,Trifolium medium
792829,6633,Veronica chamaedrys
792829,6697,Vicia sativa subsp. nigra
792829,6700,Vicia sepium
793653,116,Agrostis capillaris
793653,150,Ajuga reptans
793653,153,Alchemilla
793653,435,Anthriscus sylvestris
793653,1046,Cardamine pratensis
793653,1141,Carex caryophyllea
793653,1190,Carex flacca
793653,1397,Centaurea jacea
793653,1461,Cerastium fontanum var. vulgare
793653,1625,Cirsium arvense
793653,1635,Cirsium palustre
793653,1638,Cirsium vulgare
793653,1810,Crataegus monogyna
793653,1902,Cynosurus cristatus
793653,1925,Dactylis glomerata
793653,1985,Danthonia decumbens
793653,2016,Deschampsia cespitosa
793653,2591,Festuca rubra
793653,3089,Holcus lanatus
793653,3155,Hypericum humifusum
793653,3168,Hypochaeris radicata
793653,3268,Juncus effusus
793653,3608,Luzula campestris
793653,4423,Plantago lanceolata
793653,4729,Prunella vulgaris
793653,4817,Quercus robur
793653,4823,Ranunculus acris
793653,4835,Ranunculus bulbosus
793653,4880,Ranunculus repens
793653,5148,Rumex acetosa
793653,5205,Rumex obtusifolius
793653,5246,Sagina procumbens
793653,6161,Taraxacum officinale coll.
793653,6422,Trifolium dubium
793653,6431,Trifolium medium
793653,6446,Trifolium repens
793653,6633,Veronica chamaedrys
793653,6661,Veronica serpyllifolia
793653,7180,Bryopsida
797450,141,Aira praecox
797450,557,Arrhenatherum elatius
797450,764,Bellis perennis
797450,1190,Carex flacca
797450,1281,Carex panicea
797450,1342,Carlina vulgaris
797450,1397,Centaurea jacea
797450,1622,Cirsium acaule
797450,1638,Cirsium vulgare
797450,1810,Crataegus monogyna
797450,1925,Dactylis glomerata
797450,2000,Daucus carota
797450,2585,Festuca ovina
797450,2591,Festuca rubra
797450,2743,Gentianella campestris subsp. baltica
797450,3420,Scorzoneroides autumnalis
797450,3520,Linum catharticum
797450,3580,Lotus corniculatus
797450,3736,Medicago lupulina
797450,4359,Pilosella officinarum
797450,4423,Plantago lanceolata
797450,4432,Plantago maritima
797450,4433,Plantago media
797450,4483,Poa pratensis
797450,4494,Poa trivialis
797450,4692,Potentilla reptans
797450,4729,Prunella vulgaris
797450,4823,Ranunculus acris
797450,4835,Ranunculus bulbosus
797450,5030,Rubus caesius
797450,5603,Jacobaea vulgaris
797450,5784,Sonchus arvensis
797450,6161,Taraxacum officinale coll.
797450,6355,Thymus serpyllum
797450,6508,Tussilago farfara
797450,7180,Bryopsida
797450,32838,Achillea millefolium
807574,30,Acer pseudoplatanus
807574,121,Agrostis gigantea
807574,130,Agrostis stolonifera
807574,203,Alliaria petiolata
807574,397,Angelica sylvestris
807574,557,Arrhenatherum elatius
807574,842,Brachypodium sylvaticum
807574,1060,Carduus crispus
807574,1190,Carex flacca
807574,1327,Carex sylvatica
807574,1461,Cerastium fontanum var. vulgare
807574,1500,Chaerophyllum temulum
807574,1625,Cirsium arvense
807574,1638,Cirsium vulgare
807574,1771,Corylus avellana
807574,1925,Dactylis glomerata
807574,2016,Deschampsia cespitosa
807574,2345,Epilobium parviflorum
807574,2622,Fragaria vesca
807574,2633,Fraxinus excelsior
807574,2770,Geranium robertianum
807574,2784,Geum rivale
807574,2876,Hedera helix
807574,2930,Hepatica nobilis
807574,3580,Lotus corniculatus
807574,3736,Medicago lupulina
807574,4177,Paris quadrifolia
807574,4719,Primula veris
807574,4972,Rosa
807574,5314,Salix cinerea
807574,5423,Sambucus nigra
807574,6161,Taraxacum officinale coll.
807574,6446,Trifolium repens
807574,6529,Urtica dioica
807574,6563,Valeriana
807574,6633,Veronica chamaedrys
807574,6661,Veronica serpyllifolia
807574,7180,Bryopsida
815998,43,Achillea millefolium subsp. millefolium
815998,116,Agrostis capillaris
815998,230,Allium vineale
815998,378,Pulsatilla pratensis
815998,429,Anthoxanthum odoratum
815998,435,Anthriscus sylvestris
815998,437,Anthyllis vulneraria
815998,557,Arrhenatherum elatius
815998,1020,Campanula rotundifolia
815998,1416,Centaurea scabiosa
815998,2591,Festuca rubra
815998,2613,Filipendula vulgaris
815998,2717,Galium verum
815998,2905,Avenula pratensis
815998,3300,Knautia arvensis
815998,4044,Ononis spinosa subsp. procurrens
815998,4675,Potentilla heptaphylla
815998,6414,Trifolium alpestre
815998,7180,Bryopsida
850860,43,Achillea millefolium subsp. millefolium
850860,104,Agrimonia eupatoria
850860,116,Agrostis capillaris
850860,429,Anthoxanthum odoratum
850860,435,Anthriscus sylvestris
850860,531,Arenaria serpyllifolia
850860,885,Bromus hordeaceus subsp. hordeaceus
850860,1018,Campanula rapunculoides
850860,1020,Campanula rotundifolia
850860,1416,Centaurea scabiosa
850860,1461,Cerastium fontanum var. vulgare
850860,1470,Cerastium semidecandrum
850860,1638,Cirsium vulgare
850860,1720,Convolvulus arvensis
850860,1925,Dactylis glomerata
850860,2591,Festuca rubra
850860,2717,Galium verum
850860,2763,Geranium molle
850860,3089,Holcus lanatus
850860,3300,Knautia arvensis
850860,3455,Leucanthemum vulgare
850860,3552,Lolium perenne
850860,3580,Lotus corniculatus
850860,4044,Ononis spinosa subsp. procurrens
850860,4359,Pilosella officinarum
850860,4423,Plantago lanceolata
850860,4483,Poa pratensis
850860,4664,Potentilla argentea
850860,4835,Ranunculus bulbosus
850860,5148,Rumex acetosa
850860,5156,Rumex acetosella
850860,5702,Silene vulgaris
850860,6161,Taraxacum officinale coll.
850860,6353,Thymus pulegioides
850860,6394,Tragopogon pratensis
850860,6416,Trifolium arvense
850860,6418,Trifolium campestre
850860,6422,Trifolium dubium
850860,6441,Trifolium pratense
850860,6671,Vicia
850860,7180,Bryopsida
851512,435,Anthriscus sylvestris
851512,764,Bellis perennis
851512,1190,Carex flacca
851512,1625,Cirsium arvense
851512,1810,Crataegus monogyna
851512,1925,Dactylis glomerata
851512,2370,Equisetum arvense
851512,2591,Festuca rubra
851512,2774,Geranium sanguineum
851512,3089,Holcus lanatus
851512,3168,Hypochaeris radicata
851512,3420,Scorzoneroides autumnalis
851512,3608,Luzula campestris
851512,3736,Medicago lupulina
851512,4359,Pilosella officinarum
851512,4423,Plantago lanceolata
851512,4433,Plantago media
851512,4719,Primula veris
851512,4823,Ranunculus acris
851512,4835,Ranunculus bulbosus
851512,5148,Rumex acetosa
851512,5465,Saxifraga granulata
851512,6161,Taraxacum officinale coll.
851512,6633,Veronica chamaedrys
851512,6676,Vicia cracca
851512,7180,Bryopsida
855129,437,Anthyllis vulneraria
855129,559,Arrhenatherum elatius subsp. elatius
855129,582,Artemisia vulgaris
855129,1327,Carex sylvatica
855129,1461,Cerastium fontanum var. vulgare
855129,1925,Dactylis glomerata
855129,2001,Daucus carota subsp. carota
855129,2195,Echium vulgare
855129,2402,Erigeron acris
855129,2591,Festuca rubra
855129,3080,Hippophaë rhamnoides
855129,3162,Hypericum perforatum
855129,3168,Hypochaeris radicata
855129,3420,Scorzoneroides autumnalis
855129,3455,Leucanthemum vulgare
855129,3736,Medicago lupulina
855129,3899,Myosotis scorpioides
855129,4291,Phleum pratense subsp. pratense
855129,4359,Pilosella officinarum
855129,4423,Plantago lanceolata
855129,4483,Poa pratensis
855129,4692,Potentilla reptans
855129,4731,Prunus avium
855129,4976,Rosa canina
855129,5603,Jacobaea vulgaris
855129,6353,Thymus pulegioides
855129,6441,Trifolium pratense
855129,6676,Vicia cracca
855129,7180,Bryopsida
855129,7768,"Cladonia sp., s.s."
855129,32838,Achillea millefolium
867943,30,Acer pseudoplatanus
867943,116,Agrostis capillaris
867943,974,Calluna vulgaris
867943,1290,Carex pilulifera
867943,1777,Cotoneaster
867943,1925,Dactylis glomerata
867943,2020,Avenella flexuosa
867943,2553,Fagus sylvatica
867943,2704,Galium saxatile
867943,3054,Hieracium umbellatum
867943,3089,Holcus lanatus
867943,3090,Holcus mollis
867943,3168,Hypochaeris radicata
867943,3179,Ilex aquifolium
867943,3300,Knautia arvensis
867943,3570,Lonicera periclymenum
867943,4359,Pilosella officinarum
867943,4423,Plantago lanceolata
867943,5123,Rubus sect. Rubus
867943,5780,Solidago virgaurea
867943,5798,Sorbus aucuparia
867943,6554,Vaccinium myrtillus
867943,6724,Viola canina
867943,7180,Bryopsida
867943,7768,"Cladonia sp., s.s."
867943,2016,Deschampsia cespitosa
867943,2667,Galeopsis
867943,4817,Quercus robur
867943,5148,Rumex acetosa
